{"1": [808.3575439453125, 412.4287414550781, 951.847412109375, 470.51348876953125, 0.8042870759963989, 806.4253540039062, 470.2116394042969], "2": [604.4419555664062, 832.5186157226562, 816.9874877929688, 1051.5582275390625, 0.887414813041687], "3": [600.3360595703125, 1015.3516235351562, 840.395751953125, 1244.233642578125, 0.9245239496231079]}