{"1": [332.3052673339844, 815.0986938476562, 458.2593688964844, 960.5994873046875, 0.8962727189064026, 332.8105773925781, 959.4359741210938], "2": [244.60443115234375, 1365.254150390625, 481.8260498046875, 1606.5184326171875, 0.9567369222640991], "3": [192.11280822753906, 1576.409912109375, 480.7882995605469, 1863.6983642578125, 0.8888892531394958]}