{"1": [545.4448852539062, 844.6026611328125, 688.9849243164062, 980.2135009765625, 0.8083624243736267, 545.161376953125, 982.5992431640625], "2": [446.5794677734375, 1321.6168212890625, 695.10205078125, 1564.353271484375, 0.9265735149383545], "3": [402.2919616699219, 1564.1839599609375, 691.2265014648438, 1842.06201171875, 0.9572703838348389]}