{"1": [845.1060791015625, 870.9268798828125, 1003.8704223632812, 969.0439453125, 0.6358530521392822, 845.8018188476562, 969.4406127929688], "2": [463.22027587890625, 1243.5792236328125, 709.0411376953125, 1494.43505859375, 0.8681708574295044], "3": [671.9441528320312, 1393.66015625, 956.3646850585938, 1691.1259765625, 0.905708909034729]}