{"1": [695.6563720703125, 700.3772583007812, 837.837646484375, 811.7177734375, 0.9140362739562988, 695.9906005859375, 810.2547607421875], "2": [554.5439453125, 1161.77685546875, 793.0966186523438, 1404.3150634765625, 0.933400571346283], "3": [451.4772644042969, 1343.2197265625, 720.51806640625, 1620.3408203125, 0.9559074640274048]}