{"1": [930.9215087890625, 695.9573364257812, 1069.3720703125, 813.9345703125, 0.704212486743927, 930.57080078125, 815.1279296875], "2": [722.8621215820312, 1142.7581787109375, 967.842041015625, 1391.4202880859375, 0.904463529586792], "3": [686.771484375, 1318.7225341796875, 958.6929931640625, 1606.8359375, 0.9292469620704651]}