{"1": [343.5260314941406, 714.7904663085938, 483.11114501953125, 782.2576293945312, 0.7147787809371948, 344.2572937011719, 784.5637817382812], "2": [150.0980224609375, 1156.0074462890625, 359.8130187988281, 1375.6588134765625, 0.9157409071922302], "3": [213.32891845703125, 1341.986572265625, 439.83551025390625, 1568.324462890625, 0.9486032724380493]}