{"1": [1041.8829345703125, 919.2698974609375, 1182.057861328125, 1048.61376953125, 0.8770025372505188, 1041.119873046875, 1048.6751708984375], "2": [970.772216796875, 1400.173828125, 1229.0147705078125, 1656.8250732421875, 0.8762542605400085], "3": [910.7808227539062, 1611.1318359375, 1213.314208984375, 1903.2584228515625, 0.9455409049987793]}