{"1": [397.939697265625, 794.5961303710938, 542.5589599609375, 913.6176147460938, 0.5372573137283325, 398.3714294433594, 914.609375], "2": [271.9178161621094, 1204.1744384765625, 558.4689331054688, 1487.9678955078125, 0.9334431290626526], "3": [266.7705078125, 1403.8798828125, 598.1399536132812, 1738.58740234375, 0.9380587339401245]}