{"1": [846.2683715820312, 922.35400390625, 989.9849853515625, 1055.8616943359375, 0.8037067651748657, 846.5362548828125, 1055.74267578125], "2": [681.1703491210938, 1375.0020751953125, 923.5142211914062, 1616.7332763671875, 0.8980059623718262], "3": [580.8726806640625, 1665.3758544921875, 864.1971435546875, 1955.8369140625, 0.9395233988761902]}