{"1": [637.8908081054688, 642.3015747070312, 787.90625, 734.784912109375, 0.6248613595962524, 636.9447631835938, 736.84423828125], "2": [437.1259460449219, 1079.2845458984375, 699.154052734375, 1344.8746337890625, 0.8977132439613342], "3": [463.9989013671875, 1295.5025634765625, 742.3668212890625, 1576.3946533203125, 0.8918578624725342]}