{"1": [584.666259765625, 788.2265625, 758.3607788085938, 873.0789184570312, 0.5229625105857849, 586.2156372070312, 871.6864013671875], "2": [256.9766540527344, 1348.9642333984375, 497.31634521484375, 1603.6826171875, 0.8628586530685425], "3": [424.04278564453125, 1425.2752685546875, 691.785400390625, 1712.0521240234375, 0.8509886860847473]}