{"1": [753.0303955078125, 617.9874267578125, 912.7369384765625, 720.06884765625, 0.6965028643608093, 752.9609985351562, 718.5697631835938], "2": [575.3577270507812, 1045.906005859375, 840.2349853515625, 1307.2542724609375, 0.8260271549224854], "3": [564.5365600585938, 1239.8480224609375, 870.3634643554688, 1532.870361328125, 0.9444019794464111]}