{"1": [686.5277099609375, 611.6683959960938, 834.1136474609375, 724.3920288085938, 0.6165969371795654, 687.4828491210938, 721.7964477539062], "2": [475.4439392089844, 1080.6650390625, 763.7499389648438, 1362.005859375, 0.938265323638916], "3": [395.12005615234375, 1250.3865966796875, 714.9882202148438, 1577.591552734375, 0.9291934370994568]}