{"1": [488.0445861816406, 673.0062866210938, 618.5516357421875, 773.4947509765625, 0.6889158487319946, 491.2687683105469, 769.9594116210938], "2": [477.93548583984375, 1182.7347412109375, 699.9240112304688, 1415.90380859375, 0.9163667559623718], "3": [468.9435119628906, 1445.874267578125, 740.5164184570312, 1735.702880859375, 0.9496744275093079]}