{"1": [895.5877075195312, 656.0064697265625, 1013.0244750976562, 830.4884643554688, 0.9058604836463928, 895.8973999023438, 828.4605712890625], "2": [799.2964477539062, 1164.2384033203125, 1075.2669677734375, 1439.8919677734375, 0.9460633993148804], "3": [728.14306640625, 1318.8172607421875, 1028.3265380859375, 1628.0914306640625, 0.8798967003822327]}