{"1": [520.3511352539062, 727.540283203125, 667.3617553710938, 825.0048217773438, 0.7781840562820435, 519.283447265625, 824.8136596679688], "2": [442.9058837890625, 1141.296630859375, 669.5057983398438, 1382.1248779296875, 0.8177952766418457], "3": [345.2651062011719, 1342.5928955078125, 612.2932739257812, 1617.8277587890625, 0.9336349964141846]}