{"1": [714.6546630859375, 511.81097412109375, 881.0213012695312, 611.466552734375, 0.8002360463142395, 720.1449584960938, 611.4486694335938], "2": [641.2073974609375, 967.1119995117188, 888.9888916015625, 1215.2816162109375, 0.9131624698638916], "3": [474.58935546875, 1174.330322265625, 750.1825561523438, 1454.8665771484375, 0.9219669103622437]}