{"1": [459.4635009765625, 512.822509765625, 602.87548828125, 621.774658203125, 0.8376093506813049, 459.618896484375, 623.900146484375], "2": [415.05926513671875, 1038.126953125, 646.5478515625, 1267.2689208984375, 0.8448472023010254], "3": [310.3158264160156, 1206.6217041015625, 569.111328125, 1469.7957763671875, 0.9233738780021667]}