{"1": [778.5291137695312, 687.4564819335938, 894.1436157226562, 803.7135620117188, 0.8689458966255188, 778.4758911132812, 803.8133544921875], "2": [745.6409912109375, 1239.6544189453125, 978.0203247070312, 1469.539306640625, 0.8800134658813477], "3": [617.3917236328125, 1447.943603515625, 864.109130859375, 1696.52783203125, 0.9240413308143616]}