{"1": [563.1641845703125, 588.7085571289062, 739.766357421875, 673.4180908203125, 0.8278473615646362, 563.471923828125, 673.0089111328125], "2": [438.75018310546875, 1074.2261962890625, 697.3761596679688, 1326.9990234375, 0.8687006831169128], "3": [292.2145080566406, 1322.552734375, 571.7001953125, 1603.9068603515625, 0.9234365224838257]}