{"1": [628.5255737304688, 762.6802368164062, 781.1731567382812, 864.8475341796875, 0.7664241194725037, 627.8717041015625, 864.4236450195312], "2": [334.46099853515625, 1198.519287109375, 592.6787719726562, 1448.0665283203125, 0.9495788216590881], "3": [248.5759735107422, 1434.3336181640625, 529.4089965820312, 1691.603515625, 0.9304229021072388]}