{"1": [546.6094360351562, 871.7635498046875, 700.8451538085938, 1021.9278564453125, 0.7364115118980408, 546.0907592773438, 1024.86865234375], "2": [317.43890380859375, 1301.283935546875, 626.2549438476562, 1597.255615234375, 0.8798483610153198], "3": [279.3958740234375, 1596.7220458984375, 602.4082641601562, 1915.51123046875, 0.9520072340965271]}