{"1": [681.6502685546875, 531.2835083007812, 822.7379150390625, 626.6469116210938, 0.5540984869003296, 680.500244140625, 627.627685546875], "2": [665.845703125, 1066.8138427734375, 897.6279907226562, 1290.511962890625, 0.9116548895835876], "3": [513.7950439453125, 1230.6343994140625, 757.3187866210938, 1467.7100830078125, 0.9289166927337646]}