{"1": [819.6868896484375, 692.989501953125, 918.2354736328125, 814.8381958007812, 0.8138269782066345, 817.9915771484375, 813.7853393554688], "2": [703.3239135742188, 1254.568603515625, 916.3202514648438, 1470.43994140625, 0.8913916945457458], "3": [663.2750244140625, 1393.2110595703125, 902.053466796875, 1627.32568359375, 0.9387829899787903]}