{"1": [570.0894775390625, 810.9143676757812, 732.4296875, 935.9202880859375, 0.8885726928710938, 570.3157958984375, 936.1818237304688], "2": [368.535400390625, 1260.14111328125, 651.8444213867188, 1553.584716796875, 0.9524803757667542], "3": [356.2698974609375, 1567.0858154296875, 686.0397338867188, 1875.6907958984375, 0.9575892090797424]}