{"1": [925.3731079101562, 706.531005859375, 1060.11767578125, 830.3687133789062, 0.8616529107093811, 924.5156860351562, 831.0974731445312], "2": [862.5850830078125, 1189.3187255859375, 1095.3155517578125, 1420.8822021484375, 0.8688043355941772], "3": [821.6734008789062, 1386.094482421875, 1083.2593994140625, 1641.71533203125, 0.7855226397514343]}