{"1": [1071.644775390625, 736.3670654296875, 1230.3663330078125, 866.8319091796875, 0.6657848358154297, 1071.1180419921875, 868.2874755859375], "2": [830.8409423828125, 1177.16357421875, 1082.4779052734375, 1426.1746826171875, 0.9415880441665649], "3": [819.2723999023438, 1411.766845703125, 1100.9132080078125, 1698.2742919921875, 0.905691921710968]}