{"1": [930.8348388671875, 652.1474609375, 1047.568359375, 767.6627807617188, 0.8306413292884827, 928.8663330078125, 766.3765258789062], "2": [740.260009765625, 1142.864013671875, 980.325927734375, 1387.9342041015625, 0.9413160681724548], "3": [789.0565795898438, 1296.3328857421875, 1036.7015380859375, 1552.990234375, 0.8949840068817139]}