{"1": [635.6054077148438, 568.7354736328125, 769.0655517578125, 678.2060546875, 0.5547301173210144, 635.7477416992188, 677.4000854492188], "2": [607.9921875, 1096.9229736328125, 828.8919677734375, 1311.02392578125, 0.8617478013038635], "3": [614.765625, 1285.712646484375, 840.5952758789062, 1522.159912109375, 0.8712365627288818]}