{"1": [690.1244506835938, 391.883544921875, 876.4877319335938, 483.7599792480469, 0.7987083792686462, 690.0255126953125, 488.4455261230469], "2": [435.8106384277344, 911.1216430664062, 701.0966186523438, 1171.548828125, 0.9366138577461243], "3": [346.616943359375, 1107.7777099609375, 650.9602661132812, 1411.111083984375, 0.9393593072891235]}