{"1": [915.8980102539062, 525.4495239257812, 1042.5975341796875, 613.6640625, 0.6270360946655273, 912.3483276367188, 613.9690551757812], "2": [849.5142822265625, 951.6045532226562, 1071.8604736328125, 1168.300048828125, 0.8633608222007751], "3": [720.44140625, 1173.4117431640625, 962.6036376953125, 1430.5462646484375, 0.8972228169441223]}