{"1": [1098.961181640625, 603.6339111328125, 1268.5408935546875, 687.8680419921875, 0.7443092465400696, 1099.746337890625, 688.8158569335938], "2": [729.7274780273438, 1027.8829345703125, 1001.72314453125, 1292.29443359375, 0.8612877130508423], "3": [715.0538940429688, 1206.380615234375, 994.8650512695312, 1485.471923828125, 0.9351691007614136]}