{"1": [731.7662963867188, 287.8943176269531, 888.8536376953125, 388.89453125, 0.5855647325515747, 729.6203002929688, 389.9093322753906], "2": [518.864990234375, 705.6412353515625, 743.3060302734375, 931.34375, 0.9361076951026917], "3": [468.7356262207031, 887.949462890625, 708.7614135742188, 1134.416015625, 0.9280616044998169]}