{"1": [794.46142578125, 626.0218505859375, 960.7783813476562, 746.5010986328125, 0.5130500197410583, 796.793701171875, 744.35302734375], "2": [584.2722778320312, 1145.5911865234375, 837.5624389648438, 1387.0264892578125, 0.9063577055931091], "3": [536.591552734375, 1393.9122314453125, 829.0691528320312, 1687.4305419921875, 0.9424547553062439]}