{"1": [887.8831176757812, 342.98785400390625, 1030.761962890625, 515.5328369140625, 0.8522135615348816, 885.8848876953125, 515.48291015625], "2": [735.5267944335938, 853.6232299804688, 1028.3294677734375, 1143.43896484375, 0.9183951020240784], "3": [669.7247314453125, 1123.75830078125, 1011.036376953125, 1471.4967041015625, 0.9061952829360962]}