{"1": [502.3735046386719, 506.1893615722656, 651.7515258789062, 604.3058471679688, 0.8831964731216431, 503.52154541015625, 603.709716796875], "2": [429.45941162109375, 1036.6475830078125, 642.9046020507812, 1240.533203125, 0.926978349685669], "3": [357.3153991699219, 1205.771728515625, 586.394775390625, 1429.6734619140625, 0.9414515495300293]}