{"1": [821.122802734375, 635.0908203125, 980.8624267578125, 713.8905029296875, 0.8101944327354431, 820.3569946289062, 716.0173950195312], "2": [637.935791015625, 1110.593017578125, 881.6663818359375, 1349.1976318359375, 0.8860716819763184], "3": [602.3717041015625, 1307.707275390625, 872.0678100585938, 1583.056396484375, 0.9448463916778564]}