{"1": [547.2362670898438, 730.687255859375, 683.838623046875, 836.5945434570312, 0.7539248466491699, 546.1173706054688, 837.426025390625], "2": [447.4721984863281, 1182.7037353515625, 688.0945434570312, 1424.666748046875, 0.9634538888931274], "3": [303.4363708496094, 1326.5654296875, 574.3212890625, 1602.8536376953125, 0.900340735912323]}