{"1": [520.5839233398438, 823.7899169921875, 667.7161254882812, 923.4847412109375, 0.657588005065918, 520.3560791015625, 921.7879028320312], "2": [281.98663330078125, 1359.5960693359375, 522.6536254882812, 1596.6265869140625, 0.9282255172729492], "3": [224.9195098876953, 1547.698486328125, 480.32958984375, 1758.0572509765625, 0.8945451378822327]}