{"1": [246.34130859375, 481.7083740234375, 377.5644836425781, 608.4683837890625, 0.861797571182251, 248.41114807128906, 607.8969116210938], "2": [205.48594665527344, 1044.78076171875, 442.885009765625, 1283.9039306640625, 0.8578104376792908], "3": [121.32814025878906, 1206.33984375, 393.0291442871094, 1462.990478515625, 0.9082467555999756]}