{"1": [772.7417602539062, 653.7218017578125, 881.8121948242188, 768.8587646484375, 0.7623592019081116, 770.9098510742188, 769.8436279296875], "2": [593.064208984375, 1063.740966796875, 806.3019409179688, 1278.65380859375, 0.9316720366477966], "3": [653.1812133789062, 1198.3248291015625, 882.024169921875, 1433.302978515625, 0.956925630569458]}