{"1": [712.4971923828125, 755.8168334960938, 879.8859252929688, 854.7825317382812, 0.6342920660972595, 712.369140625, 856.6864624023438], "2": [496.8770751953125, 1204.183349609375, 750.880126953125, 1460.213134765625, 0.8919153213500977], "3": [420.57305908203125, 1436.064208984375, 701.5652465820312, 1715.5057373046875, 0.918911874294281]}