{"1": [871.8142700195312, 804.3201904296875, 1047.2254638671875, 912.9200439453125, 0.8127090334892273, 872.4879760742188, 914.449462890625], "2": [714.3182983398438, 1346.708984375, 979.862060546875, 1618.1280517578125, 0.9556152820587158], "3": [732.677001953125, 1531.858642578125, 1025.431884765625, 1814.0079345703125, 0.9172713756561279]}