{"1": [697.4261474609375, 753.7786254882812, 851.6607055664062, 879.0908203125, 0.8596250414848328, 697.8091430664062, 878.7620849609375], "2": [611.587890625, 1220.003662109375, 856.5191650390625, 1474.30078125, 0.8307204842567444], "3": [457.0042419433594, 1473.95556640625, 735.876708984375, 1756.65380859375, 0.9232242703437805]}