{"1": [713.4186401367188, 553.3464965820312, 866.9830932617188, 650.7130126953125, 0.7562848329544067, 713.4866333007812, 650.3648681640625], "2": [504.1626892089844, 1031.091796875, 760.090576171875, 1284.4736328125, 0.9430170059204102], "3": [467.2082824707031, 1206.6083984375, 727.5318603515625, 1470.20556640625, 0.8887486457824707]}