{"1": [716.5239868164062, 470.76702880859375, 847.0458984375, 552.8619995117188, 0.8580173254013062, 717.3101806640625, 554.1792602539062], "2": [541.9882202148438, 1013.1674194335938, 746.9832153320312, 1216.7103271484375, 0.9388999342918396], "3": [506.1791076660156, 1147.7296142578125, 739.4813232421875, 1372.629150390625, 0.9424307346343994]}