{"1": [511.40045166015625, 749.1595458984375, 626.5906982421875, 869.9468383789062, 0.756980836391449, 511.4141845703125, 873.2593383789062], "2": [535.9940795898438, 1312.5289306640625, 771.1124267578125, 1553.8433837890625, 0.9376108050346375], "3": [555.741455078125, 1564.4031982421875, 816.4473266601562, 1838.9296875, 0.9324078559875488]}