{"1": [1075.41748046875, 487.86138916015625, 1179.5885009765625, 601.8372192382812, 0.8196031451225281, 1074.7540283203125, 603.9400634765625], "2": [797.917236328125, 804.2315673828125, 1004.8478393554688, 1022.8158569335938, 0.8371466398239136], "3": [839.6461791992188, 927.1365966796875, 1103.120361328125, 1170.744873046875, 0.8100255131721497]}