{"1": [823.8447265625, 535.2972412109375, 957.3199462890625, 626.6738891601562, 0.7545729875564575, 822.1809692382812, 627.4979248046875], "2": [673.0027465820312, 1059.619873046875, 908.5457763671875, 1289.0089111328125, 0.9482543468475342], "3": [643.5999755859375, 1280.1807861328125, 891.4173583984375, 1519.3524169921875, 0.8959155678749084]}