{"1": [886.6693725585938, 571.9034423828125, 1065.395263671875, 678.9963989257812, 0.901932954788208, 886.3927001953125, 679.8411865234375], "2": [722.443115234375, 1005.691162109375, 976.2088623046875, 1249.288330078125, 0.9323359727859497], "3": [672.43505859375, 1184.21435546875, 931.6494750976562, 1447.92529296875, 0.9335539937019348]}