{"1": [680.3610229492188, 587.7350463867188, 814.064208984375, 693.4468383789062, 0.6414551734924316, 681.2553100585938, 694.318603515625], "2": [404.9135437011719, 986.4887084960938, 652.9590454101562, 1231.11669921875, 0.8568106293678284], "3": [461.9720153808594, 1192.9019775390625, 721.8899536132812, 1445.923095703125, 0.8634871244430542]}