{"1": [752.8817749023438, 764.4386596679688, 895.8029174804688, 904.7314453125, 0.8735750317573547, 753.9970703125, 902.805908203125], "2": [634.4267578125, 1122.88671875, 912.001220703125, 1399.6231689453125, 0.9239787459373474], "3": [477.137939453125, 1334.8763427734375, 780.3650512695312, 1633.6422119140625, 0.9521764516830444]}