{"1": [830.1990966796875, 461.8436279296875, 1010.6680297851562, 591.1297607421875, 0.861394464969635, 833.126953125, 591.0518798828125], "2": [616.2509155273438, 1044.9908447265625, 911.44775390625, 1339.149169921875, 0.9032450318336487], "3": [622.44775390625, 1226.63720703125, 957.541748046875, 1557.5924072265625, 0.8960241079330444]}