{"1": [647.84033203125, 840.3687744140625, 835.3184814453125, 957.1001586914062, 0.9169659614562988, 647.9119262695312, 957.0799560546875], "2": [520.4706420898438, 1331.5103759765625, 801.6089477539062, 1602.2640380859375, 0.9586490988731384], "3": [461.01904296875, 1546.7999267578125, 753.79150390625, 1843.21630859375, 0.9470512866973877]}