{"1": [737.637451171875, 865.933349609375, 892.1881713867188, 1002.4556884765625, 0.6100839376449585, 736.10546875, 1003.87158203125], "2": [483.8931579589844, 1317.8902587890625, 775.0343017578125, 1600.5631103515625, 0.9564729332923889], "3": [549.9159545898438, 1553.8873291015625, 870.6746215820312, 1869.237060546875, 0.9458430409431458]}