{"1": [1289.0345458984375, 1124.6929931640625, 1544.1043701171875, 1258.0906982421875, 0.02933965064585209, 1304.281982421875, 1245.9638671875], "2": [938.7230834960938, 1440.5467529296875, 1251.61376953125, 1749.4947509765625, 0.954866349697113], "3": [794.90478515625, 1721.3548583984375, 1128.473876953125, 2074.50732421875, 0.9303140044212341]}