{"1": [854.8912963867188, 766.2560424804688, 977.6533813476562, 877.3063354492188, 0.8979791402816772, 856.053955078125, 876.18505859375], "2": [632.346923828125, 1213.327392578125, 896.7236328125, 1480.454345703125, 0.9429708123207092], "3": [685.553955078125, 1450.5286865234375, 950.7677001953125, 1712.6416015625, 0.8419675827026367]}