{"1": [835.435791015625, 590.1856689453125, 981.0406494140625, 677.1455078125, 0.8724156618118286, 834.3973388671875, 676.0726318359375], "2": [735.6231689453125, 1090.5145263671875, 985.509521484375, 1337.37744140625, 0.9049233794212341], "3": [717.1392822265625, 1279.0438232421875, 1005.9238891601562, 1561.8343505859375, 0.9156582355499268]}