{"1": [611.775634765625, 372.02392578125, 817.3828125, 441.7659912109375, 0.8625819087028503, 612.9134521484375, 444.1314392089844], "2": [396.0379333496094, 773.3036499023438, 661.3757934570312, 1039.732421875, 0.9069188237190247], "3": [271.10693359375, 977.4193725585938, 568.2984619140625, 1290.198974609375, 0.9246975183486938]}