{"1": [679.3236694335938, 615.2369995117188, 807.86474609375, 713.7642211914062, 0.8456145524978638, 679.7293701171875, 714.3479614257812], "2": [490.7137756347656, 1137.37841796875, 722.868896484375, 1366.8035888671875, 0.9116449952125549], "3": [540.5736694335938, 1282.4976806640625, 789.1383666992188, 1536.8515625, 0.938724160194397]}