{"1": [754.8961791992188, 759.5689086914062, 892.758056640625, 864.1734619140625, 0.8727253079414368, 754.6422119140625, 864.319091796875], "2": [473.8929443359375, 1214.744873046875, 722.2822875976562, 1456.74072265625, 0.8612780570983887], "3": [436.78045654296875, 1407.5582275390625, 690.5596923828125, 1671.240234375, 0.9209725856781006]}