{"1": [665.3195190429688, 968.5318603515625, 797.7188110351562, 1099.6988525390625, 0.7379400730133057, 666.5125122070312, 1097.84716796875], "2": [575.8776245117188, 1569.945556640625, 824.79150390625, 1822.6937255859375, 0.8657851815223694], "3": [559.36669921875, 1785.095947265625, 866.39306640625, 2003.6480712890625, 0.8958947062492371]}