{"1": [1021.044189453125, 297.474853515625, 1156.399658203125, 381.4291076660156, 0.59104984998703, 1022.2783203125, 382.5223388671875], "2": [804.6434936523438, 800.830322265625, 1043.4229736328125, 1042.7269287109375, 0.9201498627662659], "3": [740.1150512695312, 935.5861206054688, 984.6703491210938, 1196.5150146484375, 0.8974121809005737]}