{"1": [693.7095336914062, 582.0732421875, 821.8741455078125, 692.1752319335938, 0.6920965909957886, 693.2616577148438, 692.1055297851562], "2": [613.418212890625, 1117.5201416015625, 839.7412719726562, 1335.9892578125, 0.9005018472671509], "3": [600.7650146484375, 1299.9404296875, 848.3660888671875, 1554.600830078125, 0.9446459412574768]}