{"1": [1025.2384033203125, 636.9407958984375, 1153.95361328125, 762.757568359375, 0.8025010228157043, 1025.251220703125, 762.564208984375], "2": [902.4635620117188, 1140.3712158203125, 1119.1346435546875, 1367.150390625, 0.901321291923523], "3": [920.163330078125, 1294.2747802734375, 1200.1944580078125, 1574.312744140625, 0.9097023010253906]}