{"1": [1014.2301635742188, 363.86322021484375, 1150.8524169921875, 461.647705078125, 0.8140696883201599, 1016.1213989257812, 460.61004638671875], "2": [821.8681640625, 800.1160278320312, 1035.7105712890625, 1024.3883056640625, 0.846055805683136], "3": [862.739990234375, 975.7088012695312, 1128.5628662109375, 1240.95703125, 0.895826518535614]}