{"1": [258.43115234375, 649.194580078125, 388.3721618652344, 767.6355590820312, 0.8129744529724121, 258.8124084472656, 767.2825317382812], "2": [190.12274169921875, 1169.4415283203125, 414.696044921875, 1397.24462890625, 0.8619171977043152], "3": [164.5921173095703, 1349.634033203125, 431.1444396972656, 1613.574462890625, 0.956259548664093]}