{"1": [1003.7442016601562, 610.2404174804688, 1136.5816650390625, 701.8628540039062, 0.6247512698173523, 1006.4945068359375, 701.2683715820312], "2": [766.23779296875, 1034.0941162109375, 1016.2689208984375, 1281.8883056640625, 0.8815001249313354], "3": [628.2203979492188, 1215.5230712890625, 891.948486328125, 1494.63720703125, 0.9605915546417236]}