{"1": [639.6202392578125, 864.0238647460938, 819.5125732421875, 930.8071899414062, 0.5907455682754517, 640.517578125, 926.7872314453125], "2": [462.02374267578125, 1324.451904296875, 709.6488037109375, 1560.5946044921875, 0.9306958913803101], "3": [312.21624755859375, 1565.98486328125, 583.5528564453125, 1838.6597900390625, 0.8953894376754761]}