{"1": [715.3943481445312, 626.347412109375, 846.9427490234375, 737.2813110351562, 0.7454041242599487, 716.25439453125, 733.8388671875], "2": [650.1470947265625, 1095.2427978515625, 866.1445922851562, 1306.2916259765625, 0.8737437129020691], "3": [606.3624267578125, 1251.6358642578125, 841.5476684570312, 1495.570068359375, 0.888083279132843]}