{"1": [1094.02783203125, 898.4978637695312, 1235.0501708984375, 978.4672241210938, 0.6121696829795837, 1094.5531005859375, 979.2899169921875], "2": [881.9196166992188, 1282.3499755859375, 1102.0426025390625, 1499.6417236328125, 0.8814102411270142], "3": [866.76708984375, 1461.7261962890625, 1078.4532470703125, 1690.885498046875, 0.892905056476593]}