{"1": [510.22265625, 921.1156616210938, 668.9622802734375, 1071.5550537109375, 0.8743139505386353, 510.18408203125, 1071.6885986328125], "2": [387.29461669921875, 1348.9765625, 666.952880859375, 1623.9832763671875, 0.9435347318649292], "3": [403.0484313964844, 1636.3212890625, 712.0520629882812, 1954.3717041015625, 0.9495160579681396]}