{"1": [475.143310546875, 750.5990600585938, 641.9827880859375, 860.3468627929688, 0.6292231678962708, 479.88043212890625, 859.8843383789062], "2": [324.0827331542969, 1175.984375, 615.6199951171875, 1470.5816650390625, 0.9233927726745605], "3": [157.18630981445312, 1479.3243408203125, 430.3428649902344, 1764.249755859375, 0.9227480888366699]}