{"1": [473.3358459472656, 776.0376586914062, 631.2957763671875, 888.8223876953125, 0.9124802350997925, 473.9037780761719, 887.9932861328125], "2": [305.7367858886719, 1191.912841796875, 546.4255981445312, 1444.384521484375, 0.8698134422302246], "3": [227.37242126464844, 1366.97265625, 490.1017150878906, 1635.249267578125, 0.9467180967330933]}