{"1": [576.2504272460938, 841.3903198242188, 714.6325073242188, 962.5436401367188, 0.8851422071456909, 575.5978393554688, 963.4261474609375], "2": [419.96337890625, 1274.687255859375, 672.1871948242188, 1528.935546875, 0.9295410513877869], "3": [348.3751525878906, 1533.4771728515625, 651.2614135742188, 1817.5439453125, 0.9674157500267029]}