{"1": [706.468017578125, 303.5384826660156, 832.5414428710938, 397.9802551269531, 0.6565039753913879, 706.5611572265625, 398.96832275390625], "2": [423.7822570800781, 759.5951538085938, 659.8179321289062, 998.189453125, 0.910262942314148], "3": [477.11907958984375, 880.1845703125, 757.247802734375, 1152.3302001953125, 0.9549209475517273]}