{"1": [734.30126953125, 620.6910400390625, 874.6446533203125, 728.5068359375, 0.9029366970062256, 733.4515380859375, 729.0886840820312], "2": [552.736572265625, 1109.8455810546875, 793.8067016601562, 1346.771728515625, 0.9069424271583557], "3": [513.0877685546875, 1289.9278564453125, 788.8941650390625, 1564.2376708984375, 0.9233545660972595]}