{"1": [437.87249755859375, 655.44287109375, 566.6309814453125, 758.7373657226562, 0.6888213157653809, 437.01708984375, 758.6209106445312], "2": [239.84442138671875, 1114.6573486328125, 465.5157775878906, 1346.543212890625, 0.8774052858352661], "3": [128.42584228515625, 1304.6123046875, 377.4769592285156, 1548.5987548828125, 0.9526960849761963]}