{"1": [780.06982421875, 769.1981811523438, 920.086669921875, 870.7384643554688, 0.8777048587799072, 779.0455932617188, 870.4544677734375], "2": [644.9931640625, 1182.4896240234375, 886.171875, 1420.1632080078125, 0.9200223088264465], "3": [677.4258422851562, 1388.27587890625, 938.997802734375, 1648.2008056640625, 0.8968467116355896]}