{"1": [586.3255615234375, 569.425537109375, 708.3263549804688, 687.4871215820312, 0.7448810935020447, 586.513916015625, 685.9677734375], "2": [435.8081359863281, 1068.7657470703125, 677.382568359375, 1300.3681640625, 0.8878752589225769], "3": [393.15997314453125, 1280.9566650390625, 653.933349609375, 1550.237548828125, 0.9175204634666443]}