{"1": [712.09716796875, 821.9439086914062, 841.6680908203125, 947.5728759765625, 0.7893757224082947, 713.3045043945312, 947.1644897460938], "2": [444.4158935546875, 1151.91015625, 703.0645751953125, 1412.2908935546875, 0.9157577157020569], "3": [370.48126220703125, 1321.8175048828125, 657.8187255859375, 1614.6978759765625, 0.9278897643089294]}