{"1": [773.47802734375, 492.2521667480469, 944.2625732421875, 584.2393798828125, 0.7968454360961914, 776.1062622070312, 583.8516235351562], "2": [555.9854125976562, 991.7197875976562, 864.0679321289062, 1303.69482421875, 0.9445671439170837], "3": [518.89501953125, 1176.1383056640625, 835.1890258789062, 1502.4154052734375, 0.9284681677818298]}