{"1": [788.4995727539062, 676.2297973632812, 956.9847412109375, 780.3578491210938, 0.873149037361145, 788.841064453125, 781.1575317382812], "2": [741.7078857421875, 1185.637939453125, 1006.8359985351562, 1453.300048828125, 0.8957658410072327], "3": [688.3174438476562, 1361.171875, 993.27392578125, 1667.3643798828125, 0.900811493396759]}