{"1": [780.112548828125, 667.3010864257812, 931.5431518554688, 763.693115234375, 0.645927906036377, 778.184326171875, 762.7012329101562], "2": [522.0685424804688, 1234.132568359375, 767.1759643554688, 1480.227294921875, 0.9234384298324585], "3": [442.3723449707031, 1419.35400390625, 732.0349731445312, 1714.6014404296875, 0.9423012733459473]}