{"1": [654.3890380859375, 590.4757690429688, 788.501953125, 701.4886474609375, 0.7196087837219238, 655.5875854492188, 699.8997192382812], "2": [542.5997314453125, 1139.3416748046875, 795.4332885742188, 1392.3272705078125, 0.9440462589263916], "3": [559.1637573242188, 1284.1805419921875, 845.3330688476562, 1558.219482421875, 0.8836495280265808]}