{"1": [596.5556640625, 653.6749877929688, 721.961669921875, 742.5418090820312, 0.8471764326095581, 596.2892456054688, 742.4335327148438], "2": [494.4837341308594, 1174.53271484375, 702.4136962890625, 1377.8111572265625, 0.8797227144241333], "3": [431.4781494140625, 1364.3204345703125, 665.7547607421875, 1598.7252197265625, 0.9043160080909729]}