{"1": [545.1954956054688, 821.3400268554688, 735.8658447265625, 902.8050537109375, 0.6809753179550171, 544.7046508789062, 902.3179321289062], "2": [359.9619140625, 1240.97509765625, 640.7139282226562, 1522.2305908203125, 0.9285286068916321], "3": [281.3915100097656, 1515.1324462890625, 620.3072509765625, 1863.3306884765625, 0.9035462141036987]}