{"1": [1025.3126220703125, 876.6057739257812, 1223.5098876953125, 1002.507568359375, 0.8388022780418396, 1025.6912841796875, 1003.9253540039062], "2": [831.0751342773438, 1349.4217529296875, 1113.4981689453125, 1624.7225341796875, 0.9480035901069641], "3": [773.2067260742188, 1596.7318115234375, 1106.2445068359375, 1929.2188720703125, 0.9520872235298157]}