{"1": [848.5154418945312, 560.5260009765625, 996.496826171875, 646.6205444335938, 0.8538313508033752, 847.7552490234375, 646.3674926757812], "2": [682.728271484375, 1068.140380859375, 921.1123046875, 1311.8026123046875, 0.8932883143424988], "3": [652.325927734375, 1222.3624267578125, 919.660400390625, 1485.622314453125, 0.8999672532081604]}