{"1": [837.74072265625, 739.796142578125, 994.465087890625, 822.3902587890625, 0.6827458739280701, 836.6055908203125, 821.5406494140625], "2": [566.7533569335938, 1182.3035888671875, 832.1265258789062, 1444.304931640625, 0.9514130353927612], "3": [554.5653076171875, 1370.407958984375, 841.8236083984375, 1652.9306640625, 0.9256879091262817]}