{"1": [490.197021484375, 754.422119140625, 670.1589965820312, 828.7223510742188, 0.8216617703437805, 492.120849609375, 827.5357666015625], "2": [466.6379699707031, 1243.9874267578125, 711.5884399414062, 1476.290771484375, 0.9053539633750916], "3": [308.67230224609375, 1480.6326904296875, 541.5873413085938, 1729.230712890625, 0.8984639048576355]}