{"1": [343.2740783691406, 646.5909423828125, 478.8002624511719, 751.0619506835938, 0.818967878818512, 342.76837158203125, 750.8408813476562], "2": [260.7035827636719, 1204.5303955078125, 501.9271240234375, 1439.220458984375, 0.9582914113998413], "3": [233.62359619140625, 1393.29541015625, 499.8785705566406, 1659.861572265625, 0.8990760445594788]}