{"1": [535.8236694335938, 634.6869506835938, 675.0196533203125, 730.4752197265625, 0.7933013439178467, 538.0423583984375, 730.5324096679688], "2": [384.59765625, 1136.61572265625, 628.6649780273438, 1374.3839111328125, 0.9095283150672913], "3": [337.9788818359375, 1353.803466796875, 609.791259765625, 1627.7188720703125, 0.9464578032493591]}