{"1": [629.0299072265625, 794.32763671875, 784.350830078125, 931.74365234375, 0.9241767525672913, 629.8053588867188, 931.1909790039062], "2": [568.5764770507812, 1238.9259033203125, 821.7858276367188, 1486.4862060546875, 0.925682008266449], "3": [396.7076416015625, 1458.772216796875, 675.1739501953125, 1739.606689453125, 0.9336575865745544]}