{"1": [892.7628173828125, 877.6227416992188, 1060.7113037109375, 961.4685668945312, 0.8745864033699036, 891.7841796875, 962.07763671875], "2": [733.3094482421875, 1333.677001953125, 954.389404296875, 1555.2091064453125, 0.9331551194190979], "3": [643.2544555664062, 1553.3277587890625, 897.9728393554688, 1805.355224609375, 0.8990288376808167]}