{"1": [765.1260986328125, 795.570556640625, 907.5689086914062, 944.4266357421875, 0.9242128729820251, 765.9671630859375, 943.6156005859375], "2": [692.2120361328125, 1301.9215087890625, 950.3883666992188, 1556.3675537109375, 0.9496569037437439], "3": [664.8411254882812, 1524.201904296875, 937.0858764648438, 1796.172607421875, 0.9338736534118652]}