{"1": [901.1427612304688, 612.8477783203125, 1063.7628173828125, 720.5126342773438, 0.88729327917099, 901.6842041015625, 719.6605224609375], "2": [867.2510375976562, 1106.65966796875, 1117.4105224609375, 1351.715087890625, 0.9333482384681702], "3": [971.0233764648438, 1339.559326171875, 1215.9840087890625, 1587.8228759765625, 0.8742052912712097]}