{"1": [472.2801513671875, 747.8136596679688, 599.7039794921875, 826.7371215820312, 0.8394455313682556, 473.0289611816406, 828.7691040039062], "2": [287.9356384277344, 1213.1231689453125, 501.2870178222656, 1428.015380859375, 0.9391129016876221], "3": [286.2455749511719, 1378.3670654296875, 522.4154052734375, 1610.30029296875, 0.9467774033546448]}