{"1": [504.28228759765625, 595.4176025390625, 642.1761474609375, 710.8843994140625, 0.8041805028915405, 502.56597900390625, 712.0662841796875], "2": [380.8970642089844, 1079.950439453125, 613.990478515625, 1333.91748046875, 0.7169577479362488], "3": [283.8916015625, 1247.365478515625, 582.4011840820312, 1537.0538330078125, 0.9173264503479004]}