{"Labels": {"_type": "images/separated", "width": 1600, "height": 1600, "format": "jpg", "count": 2, "filenames": ["media/images/Labels_0_d107c074f2cbda276676.jpg", "media/images/Labels_0_6a61afb853bfb1c0062b.jpg"], "captions": ["labels.jpg", "labels_correlogram.jpg"]}, "_timestamp": 1701187129.4789715, "train/box_loss": 0.018483074381947517, "train/obj_loss": 0.004682925529778004, "train/cls_loss": 0.0, "metrics/precision": 0.09139341861009598, "metrics/recall": 0.0016045334050431848, "metrics/mAP_0.5": 0.999881662161664, "metrics/mAP_0.5:0.95": 0.98, "val/box_loss": 0.9946507740845064, "val/obj_loss": 0.6614854656528598, "val/cls_loss": 0.020021241158246994, "x/lr0": 0.004848911426961422, "x/lr1": 0.0, "x/lr2": 0.00015617386354732643, "_runtime": 3757.774344444275, "_step": 239, "Bounding Box Debugger/Images": {"_type": "images/separated", "width": 640, "height": 640, "format": "png", "count": 16, "filenames": ["media/images/Bounding Box Debugger/Images_224_1f6f1e51b08a8efc4519.png", "media/images/Bounding Box Debugger/Images_224_dc46d02df3137f609262.png", "media/images/Bounding Box Debugger/Images_224_b8fc284869a70b46a33b.png", "media/images/Bounding Box Debugger/Images_224_5cad75697907700f9bc1.png", "media/images/Bounding Box Debugger/Images_224_9c82277b0a2278ea97a3.png", "media/images/Bounding Box Debugger/Images_224_e8e0f89e449cb522dbf2.png", "media/images/Bounding Box Debugger/Images_224_184d02972e575231b109.png", "media/images/Bounding Box Debugger/Images_224_e1d44efe5a82c0b357a0.png", "media/images/Bounding Box Debugger/Images_224_fc4334839288add07427.png", "media/images/Bounding Box Debugger/Images_224_754f69c319210e7bb0a7.png", "media/images/Bounding Box Debugger/Images_224_dd2f4d12f47eb36bdfbe.png", "media/images/Bounding Box Debugger/Images_224_e98e68e1d7f3bb218a5f.png", "media/images/Bounding Box Debugger/Images_224_edfb0416ba361f11db0a.png", "media/images/Bounding Box Debugger/Images_224_b171c2774c8504b965dd.png", "media/images/Bounding Box Debugger/Images_224_fd3110058a3304e798af.png", "media/images/Bounding Box Debugger/Images_224_915828985326dba71caa.png"], "captions": ["801.jpg", "802.jpg", "803.jpg", "804.jpg", "805.jpg", "806.jpg", "807.jpg", "808.jpg", "809.jpg", "810.jpg", "811.jpg", "812.jpg", "813.jpg", "814.jpg", "815.jpg", "816.jpg"], "all_boxes": [{"predictions": {"_type": "boxes2D", "sha256": "38b635e96cc288affcd685967d3c538ad0e0ab29dc16675521c2ce5e03f9b801", "size": 6743, "path": "media/metadata/boxes2D/Bounding Box Debugger/Images_224_38b635e96cc288affcd6.boxes2D.json"}}, {"predictions": {"_type": "boxes2D", "sha256": "6496b789242795964259d22d4770dc4174cd3d4c37dca7b0edc5b376993232fd", "size": 6127, "path": "media/metadata/boxes2D/Bounding Box Debugger/Images_224_6496b789242795964259.boxes2D.json"}}, {"predictions": {"_type": "boxes2D", "sha256": "e3ded43a923cea23245cc59ed3fb7ab9eeaad865ab745a87561210143ddada9c", "size": 8729, "path": "media/metadata/boxes2D/Bounding Box Debugger/Images_224_e3ded43a923cea23245c.boxes2D.json"}}, {"predictions": {"_type": "boxes2D", "sha256": "f966d36d667b3ec9d9cd4f7f6fd281de8d67a50e4d7791aea14731c27132f4af", "size": 6342, "path": "media/metadata/boxes2D/Bounding Box Debugger/Images_224_f966d36d667b3ec9d9cd.boxes2D.json"}}, {"predictions": {"_type": "boxes2D", "sha256": "95417771c4363d205cd37ec472da50a64362d93cb05d76ece5065c95accba5c2", "size": 7325, "path": "media/metadata/boxes2D/Bounding Box Debugger/Images_224_95417771c4363d205cd3.boxes2D.json"}}, {"predictions": {"_type": "boxes2D", "sha256": "3256fc7a6163a17beae367af80dc34112f5e4a553dce00063de16299311a5044", "size": 5797, "path": "media/metadata/boxes2D/Bounding Box Debugger/Images_224_3256fc7a6163a17beae3.boxes2D.json"}}, {"predictions": {"_type": "boxes2D", "sha256": "6c6ad7493fcf011df14cfb8b0de26751761035ca519f51b843cdaf7bc45416c7", "size": 6004, "path": "media/metadata/boxes2D/Bounding Box Debugger/Images_224_6c6ad7493fcf011df14c.boxes2D.json"}}, {"predictions": {"_type": "boxes2D", "sha256": "59a15792e62980eb4688dcdc435a42908b7aff036275e61953d63fde9cff83e2", "size": 6927, "path": "media/metadata/boxes2D/Bounding Box Debugger/Images_224_59a15792e62980eb4688.boxes2D.json"}}, {"predictions": {"_type": "boxes2D", "sha256": "66927de0b74fdd640f9b1c7a51e39a9ffba05950d2bc0bc2b3743f5ddb454543", "size": 6920, "path": "media/metadata/boxes2D/Bounding Box Debugger/Images_224_66927de0b74fdd640f9b.boxes2D.json"}}, {"predictions": {"_type": "boxes2D", "sha256": "4e221c56ec3027ddfd040270497c2fa45c94e5279d18cdb655c223ae8319543b", "size": 6722, "path": "media/metadata/boxes2D/Bounding Box Debugger/Images_224_4e221c56ec3027ddfd04.boxes2D.json"}}, {"predictions": {"_type": "boxes2D", "sha256": "61aa62900804e786e57c65e957656332ea7b9166f86bcd4880a611e4833f442e", "size": 5751, "path": "media/metadata/boxes2D/Bounding Box Debugger/Images_224_61aa62900804e786e57c.boxes2D.json"}}, {"predictions": {"_type": "boxes2D", "sha256": "da93244e57496d84b550a1f714a302e8f6f031118b47bdfa7787c3924f17961f", "size": 8996, "path": "media/metadata/boxes2D/Bounding Box Debugger/Images_224_da93244e57496d84b550.boxes2D.json"}}, {"predictions": {"_type": "boxes2D", "sha256": "53b8951efd5ee261a2bb76c68d8240f30ed1f68b24809256227519f642267881", "size": 5428, "path": "media/metadata/boxes2D/Bounding Box Debugger/Images_224_53b8951efd5ee261a2bb.boxes2D.json"}}, {"predictions": {"_type": "boxes2D", "sha256": "10f4072ae2304ed91ba1f39aa57b0cc0e45c2e720e50a106d81231b2ec117557", "size": 6514, "path": "media/metadata/boxes2D/Bounding Box Debugger/Images_224_10f4072ae2304ed91ba1.boxes2D.json"}}, {"predictions": {"_type": "boxes2D", "sha256": "552151a65ee2e306ffd1d86bdbf9ddc26445624dd621e2862ad10fc2e650a6bf", "size": 7667, "path": "media/metadata/boxes2D/Bounding Box Debugger/Images_224_552151a65ee2e306ffd1.boxes2D.json"}}, {"predictions": {"_type": "boxes2D", "sha256": "fbc9863a15b292727d9d03b6917ed2381caaef4b354de645d590330142bbbc68", "size": 7214, "path": "media/metadata/boxes2D/Bounding Box Debugger/Images_224_fbc9863a15b292727d9d.boxes2D.json"}}]}}