{"Labels": {"_type": "images/separated", "width": 1600, "height": 1600, "format": "jpg", "count": 2, "filenames": ["media/images/Labels_0_d107c074f2cbda276676.jpg", "media/images/Labels_0_6a61afb853bfb1c0062b.jpg"], "captions": ["labels.jpg", "labels_correlogram.jpg"]}, "_timestamp": 1701187289.3836093, "train/box_loss": 0.018476426601409912, "train/obj_loss": 0.004767184611409903, "train/cls_loss": 0.0, "metrics/precision": 0.09071794897317886, "metrics/recall": 0.0014748541871085763, "metrics/mAP_0.5": 1.0, "metrics/mAP_0.5:0.95": 0.9799701687892496, "val/box_loss": 0.9946492989933613, "val/obj_loss": 0.6622633698729308, "val/cls_loss": 0.020011689513921738, "x/lr0": 0.004854781087487936, "x/lr1": 0.0, "x/lr2": 0.00010156326304766483, "_runtime": 3917.678982257843, "_step": 250, "Bounding Box Debugger/Images": {"_type": "images/separated", "width": 640, "height": 640, "format": "png", "count": 16, "filenames": ["media/images/Bounding Box Debugger/Images_249_1f6f1e51b08a8efc4519.png", "media/images/Bounding Box Debugger/Images_249_dc46d02df3137f609262.png", "media/images/Bounding Box Debugger/Images_249_b8fc284869a70b46a33b.png", "media/images/Bounding Box Debugger/Images_249_5cad75697907700f9bc1.png", "media/images/Bounding Box Debugger/Images_249_9c82277b0a2278ea97a3.png", "media/images/Bounding Box Debugger/Images_249_e8e0f89e449cb522dbf2.png", "media/images/Bounding Box Debugger/Images_249_184d02972e575231b109.png", "media/images/Bounding Box Debugger/Images_249_e1d44efe5a82c0b357a0.png", "media/images/Bounding Box Debugger/Images_249_fc4334839288add07427.png", "media/images/Bounding Box Debugger/Images_249_754f69c319210e7bb0a7.png", "media/images/Bounding Box Debugger/Images_249_dd2f4d12f47eb36bdfbe.png", "media/images/Bounding Box Debugger/Images_249_e98e68e1d7f3bb218a5f.png", "media/images/Bounding Box Debugger/Images_249_edfb0416ba361f11db0a.png", "media/images/Bounding Box Debugger/Images_249_b171c2774c8504b965dd.png", "media/images/Bounding Box Debugger/Images_249_fd3110058a3304e798af.png", "media/images/Bounding Box Debugger/Images_249_915828985326dba71caa.png"], "captions": ["801.jpg", "802.jpg", "803.jpg", "804.jpg", "805.jpg", "806.jpg", "807.jpg", "808.jpg", "809.jpg", "810.jpg", "811.jpg", "812.jpg", "813.jpg", "814.jpg", "815.jpg", "816.jpg"], "all_boxes": [{"predictions": {"_type": "boxes2D", "sha256": "d52d80c27f182d7ea140381f67aba5c88a57ed3f3a8169eea6b9821a743d9340", "size": 7098, "path": "media/metadata/boxes2D/Bounding Box Debugger/Images_249_d52d80c27f182d7ea140.boxes2D.json"}}, {"predictions": {"_type": "boxes2D", "sha256": "b4f322e9dd58c74f6f173c59adc0e8bce5c6e81f440e230110689e6269aa7731", "size": 6308, "path": "media/metadata/boxes2D/Bounding Box Debugger/Images_249_b4f322e9dd58c74f6f17.boxes2D.json"}}, {"predictions": {"_type": "boxes2D", "sha256": "b37046ce885c578ade39e941a56862ba57af5200569bc0300eeeb37a93eb3311", "size": 9036, "path": "media/metadata/boxes2D/Bounding Box Debugger/Images_249_b37046ce885c578ade39.boxes2D.json"}}, {"predictions": {"_type": "boxes2D", "sha256": "7c35b6d2c4e24f2419520b2ff6806f38256137c3636af3b7a93fcfe37cdccef9", "size": 6734, "path": "media/metadata/boxes2D/Bounding Box Debugger/Images_249_7c35b6d2c4e24f241952.boxes2D.json"}}, {"predictions": {"_type": "boxes2D", "sha256": "5be69e90ba642e8ec3f950498be5f7a04defd3390b1a315d8d6845ae45048c99", "size": 7329, "path": "media/metadata/boxes2D/Bounding Box Debugger/Images_249_5be69e90ba642e8ec3f9.boxes2D.json"}}, {"predictions": {"_type": "boxes2D", "sha256": "0704b249ec7cb80e3a6c09477a803fd12aa0f0c343aa92db14610415490d11e6", "size": 5252, "path": "media/metadata/boxes2D/Bounding Box Debugger/Images_249_0704b249ec7cb80e3a6c.boxes2D.json"}}, {"predictions": {"_type": "boxes2D", "sha256": "69ac9456a13e18c23b3eb2011fb105599b8aab00c35dd6508128a0c0f07612ec", "size": 5972, "path": "media/metadata/boxes2D/Bounding Box Debugger/Images_249_69ac9456a13e18c23b3e.boxes2D.json"}}, {"predictions": {"_type": "boxes2D", "sha256": "0971b3b51769c72b4f03ab7aae6e4c2e8183cd07690536e93b4c912db19dee97", "size": 7314, "path": "media/metadata/boxes2D/Bounding Box Debugger/Images_249_0971b3b51769c72b4f03.boxes2D.json"}}, {"predictions": {"_type": "boxes2D", "sha256": "a806d87fadfb6fdfcbcd3360a6faaf623e668d87b80cefa89c990ca82f54b10c", "size": 7479, "path": "media/metadata/boxes2D/Bounding Box Debugger/Images_249_a806d87fadfb6fdfcbcd.boxes2D.json"}}, {"predictions": {"_type": "boxes2D", "sha256": "0defb8a8e34e5877830ca43c506e9b31895ebfe036a0182088b2f23133b35e65", "size": 7464, "path": "media/metadata/boxes2D/Bounding Box Debugger/Images_249_0defb8a8e34e5877830c.boxes2D.json"}}, {"predictions": {"_type": "boxes2D", "sha256": "162320f26e1df1cc5c9554ef2039d874cbea2b21a02b560242a903792f29d68a", "size": 5546, "path": "media/metadata/boxes2D/Bounding Box Debugger/Images_249_162320f26e1df1cc5c95.boxes2D.json"}}, {"predictions": {"_type": "boxes2D", "sha256": "c241df7a876636636b77220cffb30bef4d3dc600a108ad33c854d84032f6a780", "size": 9357, "path": "media/metadata/boxes2D/Bounding Box Debugger/Images_249_c241df7a876636636b77.boxes2D.json"}}, {"predictions": {"_type": "boxes2D", "sha256": "b17c45bded6f32369fb5c246518ef521708c4ed8fbd7edd0d719b27da5d2ad79", "size": 5043, "path": "media/metadata/boxes2D/Bounding Box Debugger/Images_249_b17c45bded6f32369fb5.boxes2D.json"}}, {"predictions": {"_type": "boxes2D", "sha256": "1c6940df53fd047bb16473fbf2aaf2d32f23a203db1336ddb1c7fd96639ecc6d", "size": 6882, "path": "media/metadata/boxes2D/Bounding Box Debugger/Images_249_1c6940df53fd047bb164.boxes2D.json"}}, {"predictions": {"_type": "boxes2D", "sha256": "2cbb3272ae11256fa6131e55568cf9cd9457ca3153f52c00affed3818c3427fa", "size": 8227, "path": "media/metadata/boxes2D/Bounding Box Debugger/Images_249_2cbb3272ae11256fa613.boxes2D.json"}}, {"predictions": {"_type": "boxes2D", "sha256": "a710b8c908cee25a430da93b8cd0848cf2dc46e0b7118cb7d04d42a1d6fa5aa6", "size": 6690, "path": "media/metadata/boxes2D/Bounding Box Debugger/Images_249_a710b8c908cee25a430d.boxes2D.json"}}]}, "Validation": [], "Results": {"_type": "images/separated", "width": 3000, "height": 1200, "format": "png", "count": 6, "filenames": ["media/images/Results_250_427331f01eb639ab8437.png", "media/images/Results_250_adff1a54a5d1dbbb8446.png", "media/images/Results_250_d85bb573220e88ba0b64.png", "media/images/Results_250_63fb22f92617991746e7.png", "media/images/Results_250_c7d4dd413609c3e72d0d.png", "media/images/Results_250_6787cfdbfc0ec82f2a9c.png"], "captions": ["results.png", "confusion_matrix.png", "F1_curve.png", "PR_curve.png", "P_curve.png", "R_curve.png"]}, "_wandb": {"runtime": 3916}}