{"Labels": {"_type": "images/separated", "width": 1600, "height": 1600, "format": "jpg", "count": 2, "filenames": ["media/images/Labels_0_3745a4cc7c04f96375ae.jpg", "media/images/Labels_0_8992b75a6f1826be22a3.jpg"], "captions": ["labels.jpg", "labels_correlogram.jpg"]}, "_timestamp": 1700658325.8024166, "train/box_loss": 0.014070912264287472, "train/obj_loss": 0.005958103109151125, "train/cls_loss": 0.0, "metrics/precision": 0.12455888092517853, "metrics/recall": 0.0012406745227053761, "metrics/mAP_0.5": 1.0, "metrics/mAP_0.5:0.95": 0.9900808805741064, "val/box_loss": 0.9950016907428447, "val/obj_loss": 0.8346184606538725, "val/cls_loss": 0.05553043633699417, "x/lr0": 0.00624516187235713, "x/lr1": 0.0, "x/lr2": 0.00010434199101065134, "_runtime": 2230.5774376392365, "_step": 149, "Bounding Box Debugger/Images": {"_type": "images/separated", "width": 640, "height": 640, "format": "png", "count": 16, "filenames": ["media/images/Bounding Box Debugger/Images_149_7dca663b5702c3b46b95.png", "media/images/Bounding Box Debugger/Images_149_1f6f1e51b08a8efc4519.png", "media/images/Bounding Box Debugger/Images_149_dc46d02df3137f609262.png", "media/images/Bounding Box Debugger/Images_149_b8fc284869a70b46a33b.png", "media/images/Bounding Box Debugger/Images_149_5cad75697907700f9bc1.png", "media/images/Bounding Box Debugger/Images_149_9c82277b0a2278ea97a3.png", "media/images/Bounding Box Debugger/Images_149_e8e0f89e449cb522dbf2.png", "media/images/Bounding Box Debugger/Images_149_184d02972e575231b109.png", "media/images/Bounding Box Debugger/Images_149_e1d44efe5a82c0b357a0.png", "media/images/Bounding Box Debugger/Images_149_fc4334839288add07427.png", "media/images/Bounding Box Debugger/Images_149_754f69c319210e7bb0a7.png", "media/images/Bounding Box Debugger/Images_149_dd2f4d12f47eb36bdfbe.png", "media/images/Bounding Box Debugger/Images_149_e98e68e1d7f3bb218a5f.png", "media/images/Bounding Box Debugger/Images_149_edfb0416ba361f11db0a.png", "media/images/Bounding Box Debugger/Images_149_b171c2774c8504b965dd.png", "media/images/Bounding Box Debugger/Images_149_fd3110058a3304e798af.png"], "captions": ["22.jpg", "801.jpg", "802.jpg", "803.jpg", "804.jpg", "805.jpg", "806.jpg", "807.jpg", "808.jpg", "809.jpg", "810.jpg", "811.jpg", "812.jpg", "813.jpg", "814.jpg", "815.jpg"], "all_boxes": [{"predictions": {"_type": "boxes2D", "sha256": "c87b0ff933a8dc74fa0a1b546b3bbd774b7be63e7fa0c290507e64c892ba8687", "size": 4430, "path": "media/metadata/boxes2D/Bounding Box Debugger/Images_149_c87b0ff933a8dc74fa0a.boxes2D.json"}}, {"predictions": {"_type": "boxes2D", "sha256": "af37ed2e84528c82933a9c89ac0b959af1bbc9cdadaa3b1bcde8349c90d08375", "size": 4988, "path": "media/metadata/boxes2D/Bounding Box Debugger/Images_149_af37ed2e84528c82933a.boxes2D.json"}}, {"predictions": {"_type": "boxes2D", "sha256": "a5b318cd237b328dfa32095ebdf83cac4fe2186f28d72a09c2bda790a4986f02", "size": 7276, "path": "media/metadata/boxes2D/Bounding Box Debugger/Images_149_a5b318cd237b328dfa32.boxes2D.json"}}, {"predictions": {"_type": "boxes2D", "sha256": "28d47d9f84be0db1cc1735896beffc038441c19abafe81ba5979b680254c031a", "size": 6437, "path": "media/metadata/boxes2D/Bounding Box Debugger/Images_149_28d47d9f84be0db1cc17.boxes2D.json"}}, {"predictions": {"_type": "boxes2D", "sha256": "3614fb0f167aee2d1bf836258f59d821b508cafa4a78952be64f4271d20be1d1", "size": 5194, "path": "media/metadata/boxes2D/Bounding Box Debugger/Images_149_3614fb0f167aee2d1bf8.boxes2D.json"}}, {"predictions": {"_type": "boxes2D", "sha256": "6fc193a4a74f9b0b59488610c29984cc618f50f576cc0541f50d85f5107a0e1b", "size": 5035, "path": "media/metadata/boxes2D/Bounding Box Debugger/Images_149_6fc193a4a74f9b0b5948.boxes2D.json"}}, {"predictions": {"_type": "boxes2D", "sha256": "415bc51f8491d5d1cd6f83142ea259ee3578c524275f88c614b3bfa09eb50264", "size": 4655, "path": "media/metadata/boxes2D/Bounding Box Debugger/Images_149_415bc51f8491d5d1cd6f.boxes2D.json"}}, {"predictions": {"_type": "boxes2D", "sha256": "6f3d3ea01f0224a7523e6309c34aed5fa677676080f932911ead85f215636b52", "size": 4452, "path": "media/metadata/boxes2D/Bounding Box Debugger/Images_149_6f3d3ea01f0224a7523e.boxes2D.json"}}, {"predictions": {"_type": "boxes2D", "sha256": "3f55009e211756ffd865349f9e4d0b51e003d22e1d23dc8e6c813be1179dfdaa", "size": 6193, "path": "media/metadata/boxes2D/Bounding Box Debugger/Images_149_3f55009e211756ffd865.boxes2D.json"}}, {"predictions": {"_type": "boxes2D", "sha256": "c351f722c00c83b1047761023200a22d7953aa19ba9b1b2932411b6fc9d94977", "size": 5227, "path": "media/metadata/boxes2D/Bounding Box Debugger/Images_149_c351f722c00c83b10477.boxes2D.json"}}, {"predictions": {"_type": "boxes2D", "sha256": "e2e7c77f3d174e38b9d051e443915bc0a120618e4708d457e36816347f12f029", "size": 5238, "path": "media/metadata/boxes2D/Bounding Box Debugger/Images_149_e2e7c77f3d174e38b9d0.boxes2D.json"}}, {"predictions": {"_type": "boxes2D", "sha256": "46d59ee8e0bf86c2b045787e75738ef62d0ef292d7c0bf6a7ea55b9c7a798319", "size": 6885, "path": "media/metadata/boxes2D/Bounding Box Debugger/Images_149_46d59ee8e0bf86c2b045.boxes2D.json"}}, {"predictions": {"_type": "boxes2D", "sha256": "434c83510e4613c2b506b0c03b86014149905b0b3ce2291b450cb2efe227b951", "size": 5799, "path": "media/metadata/boxes2D/Bounding Box Debugger/Images_149_434c83510e4613c2b506.boxes2D.json"}}, {"predictions": {"_type": "boxes2D", "sha256": "c38160d52b5ae792dfb825f7da7960c725ba3d0aefb889c843f52294c9d3c853", "size": 5566, "path": "media/metadata/boxes2D/Bounding Box Debugger/Images_149_c38160d52b5ae792dfb8.boxes2D.json"}}, {"predictions": {"_type": "boxes2D", "sha256": "915ff71d39d0e7ea8904cdd8e7a33d3acc04f877d15db83204a157abfed9aa9b", "size": 5581, "path": "media/metadata/boxes2D/Bounding Box Debugger/Images_149_915ff71d39d0e7ea8904.boxes2D.json"}}, {"predictions": {"_type": "boxes2D", "sha256": "d00c8dabec16ae78396b22fc2a7416181a5b94f6ede7972a2dc3b2c4aa223ca8", "size": 7072, "path": "media/metadata/boxes2D/Bounding Box Debugger/Images_149_d00c8dabec16ae78396b.boxes2D.json"}}]}, "Validation": []}